Experiment,BLEU,METEOR,ROUGE-L
Greedy Decoding,0.20246077961435213,0.38815716996444366,0.5277275270010496
Beam Search (3),0.2228751167153497,0.38039796126818604,0.5082482249314212
Beam Search (5),0.20875734839422097,0.3870054335862627,0.5048495054951778
